company,country,city,icp_segment,product_focus,website,public_email,public_phone,public_whatsapp,fit_notes,source,verified_date
Al Yasmeen Electrical & Switchgear Trading LLC,UAE,Sharjah,ICP-A,Switchgear accessories & trading,https://alyasmeenelectrical.com,,+971 6 533 3572,+971 50 769 1484,"Switchgear distributor/wholesaler since 2001; email on site (yaselec@...)",Google search + alyasmeenelectrical.com,2026-06-27
Majid Electromechanical (MEM),UAE,Dubai (Al Qusais),ICP-A,Schneider distributor; LV/MV components,https://mem.ae,info@mem.ae,+971 4 207 3999,+971 50 657 7308,"Authorized Schneider distributor; buys/resells distribution gear",mem.ae,2026-06-27
GoSwitchgear Electrical Store,UAE,Dubai,ICP-A,Switchgear & panel accessories,http://goswitchgear.com,,+971 54 530 8331,+971 54 530 8331,"Switchgear & instruments retailer; high review count",Google Places + goswitchgear.com,2026-06-27
Brands Electrical Equipment LLC,UAE,Abu Dhabi (Mussafah),ICP-A,Switchgear & electrical equipment,https://brandsllcuae.com,switchgear@brandsllcuae.com,,+971 56 334 2980,"Publishes switchgear sales contact + WhatsApp",brandsllcuae.com/contact-switchgear.php,2026-06-27
Al Mayar Electric Switchgear Ind. LLC,UAE,Sharjah,ICP-C,Switchgear manufacturing & supply,https://almayarelectric.com,,+971 6 535 3455,,"Panel/switchgear builder - buys components & breakers",Google Places + almayarelectric.com,2026-06-27
Pacific Ocean Electrical Switchgear Industries LLC,UAE,Sharjah,ICP-C,Switchgear industries,,,+971 6 534 5334,,"Switchgear assembler; component buyer",atninfo.com listing,2026-06-27
First Class UAE,UAE,Dubai,ICP-A,"Switchgear, UPS, batteries",https://firstclassuae.com,,+971 55 202 7095,+971 55 959 0300,"Electrical trading & control panel supplier",firstclassuae.com,2026-06-27
JIS Electrical,UAE,Dubai,ICP-A,LV switchgear & European brands,https://www.jiselectric.com,,,,"LV switchgear supplier since 2000; contact via site",jiselectric.com,2026-06-27
PHOE Electricals,UAE,Dubai,ICP-A,"MCB/ACB/MCCB, Schneider/Siemens/ABB",https://phoeelectric.com,,,,"Multi-brand electrical supplier; contact via site",phoeelectric.com,2026-06-27
Goldenway Electrical Trading LLC,UAE,Dubai,ICP-A,General electrical trading,https://goldenwayelectricals.com,,+971 55 277 5120,+971 55 277 5120,"One-stop electrical trader since 2010",goldenwayelectricals.com,2026-06-27
Sebha Trading Company,Saudi Arabia,Jeddah/Dammam/Riyadh,ICP-A,LV/HV distribution systems & switchgear,https://www.sebhatrading.sa,nawshad@sebhatrading.com,+966 50 105 6084,+966 50 105 6084,"Self-described best switchgear distributor in KSA",sebhatrading.sa,2026-06-27
Nimra Electric,Saudi Arabia,Jeddah,ICP-A,"400+ products, Schneider/ABB/Siemens",https://nimraelectric.com,admin@nimraelectric.com,+966 53 946 2309,+966 53 946 2309,"Importer & distributor of electrical materials",nimraelectric.com,2026-06-27
Amt Electric (AMIT),Saudi Arabia,Jeddah,ICP-A,LV components distribution,https://amit.com.sa,sales-g1@amit.com.sa,+966 50 086 6842,+966 50 086 6842,"Multi-branch LV component distributor",Google AI overview,2026-06-27
Advanced Link Trading Est.,Saudi Arabia,Dammam,ICP-A,Power distribution equipment,https://advancedlinktrade.com,info@advancedlinktrade.com,+966 59 164 6495,+966 59 164 6495,"Industrial parts supplier - power distribution",advancedlinktrade.com,2026-06-27
Hegazy Group,Egypt,Alexandria & New Cairo,ICP-A,"Schneider/ABB distribution gear",https://hegazy-group.com,,+20 100 216 0371,+20 100 216 0371,"Major electrical distributor; multi-store",hegazy-group.com,2026-06-27
ATCS for Control Systems,Egypt,Cairo (Maadi),ICP-C,"Control systems, panels, automation",https://atcs-eg.com,info@atcs-eg.com,+20 100 902 1327,+20 100 902 1327,"Certified distributor + panel manufacturer",atcs-eg.com,2026-06-27
Alfreeg for Trading,Egypt,Cairo (Downtown),ICP-A,"Electrical/electronic, Iskra agent",http://www.alfreeg.com,info@alfreeg.com,+202 2392 6839,,"Sole agent/distributor; trading house",alfreeg.com/about-us,2026-06-27
2M Electric Group,Egypt,Ismailia,ICP-C,LV/MV panels (ISO-certified),https://2melectricgroup.com,,,,"Panel builder & system supplier nationwide",2melectricgroup.com,2026-06-27
Al Sondos for International Trading & Contracting,Egypt,Cairo,ICP-A,ABB channel partner,,info@alsondos.net,+20 2 2773 9611,,"ABB Egypt channel partner",ABB Egypt channel partners directory,2026-06-27
Darshil Enterprise Nigeria,Nigeria,Lagos,ICP-A,LV switchgear (Siemens dealer),https://nigeria.darshilenterprise.com,,,,"Authorized dealer/distributor of LV switchgear",nigeria.darshilenterprise.com,2026-06-27
Tamaktech Enterprise,Nigeria,Nigeria,ICP-A,Industrial electrical equipment,,info@tamaktech.com,+234 705 044 4211,+234 705 044 4211,"Industrial electrical equipment supplier",Google AI overview,2026-06-27
Powerex Limited,Nigeria,Ikeja (Lagos),ICP-A,"Power & switchgear (Eaton distributor)",https://powerex-limited.com,info@powerex-limited.com,+234 814 275 8920,,"Accredited distributor for major power brands",powerex-limited.com / Eaton distributor list,2026-06-27
EES Global Services Ltd,Nigeria,Port Harcourt,ICP-A,ABB products distribution,https://www.ees-services.com,,+234 907 902 1130,,"ABB products distributor; switchgear & transformer",ees-services.com,2026-06-27
D.N.N. Power Nigeria Limited,Nigeria,Lagos (Alaba Intl Market),ICP-A,"Switchgear, overhead materials, transformers",,,+234 902 148 6809,+234 902 148 6809,"Importer & supplier of switchgear + power transformers",Google AI overview,2026-06-27
Elecom Group,Vietnam,Vietnam,ICP-A,MV & LV equipment distribution,https://www.elecom.vn,info@elecom.vn,,,"MV & LV electric equipment distributor",elecom.vn,2026-06-27
Asia Technology and Energy System Co. Ltd (A-Tech),Vietnam,Ho Chi Minh City,ICP-A,Switchgear (SGC official dealer),,triet.atech@gmail.com,+84 28 36200164,,"Official dealer for Switchgear Company (SGC)",switchgearcompany.eu announcement,2026-06-27
Hung Viet Automation Electric Co. Ltd,Vietnam,Binh Duong,ICP-A,LS electrical switchgear distribution,https://hungvietautomation.com,kinhdoanh@hungvietautomation.com,,,"Distributor of electrical & automation switchgear",yellowpages.com.vn,2026-06-27
Saigon Industrial Equipment Trading & Service Co. Ltd,Vietnam,Ho Chi Minh City,ICP-A,MV electrical equipment,,,,,"MV electrical equipment trader; contact via Yellow Pages",yellowpages.com.vn,2026-06-27
PT Semacom Integrated Tbk,Indonesia,Jakarta,ICP-C,LV/MV panel manufacturing,https://sema.id,,+62 21 861 5872,+62 821 2577 9751,"Panel manufacturer - buys components/breakers",sema.id,2026-06-27
Powertek Indo Asia,Indonesia,Jakarta,ICP-C,"MV/LV switchgear panels (Siemens partner)",https://powertek-indoasia.com,,+62 21 580 0550,,"Siemens licensed partner; custom MV panels",powertek-indoasia.com,2026-06-27
PT Jeko Elektrindo Jaya,Indonesia,Tangerang (Banten),ICP-C,LV/MV/HV switchgear manufacturing,https://www.jekoelektrindojaya.com,,+62 21 382 78615,,"Switchgear & panel manufacturer; component buyer",jekoelektrindojaya.com,2026-06-27
PT Prima Mitra Teknologi Energi,Indonesia,Indonesia,ICP-C,MV switchgear (AIS/GIS/2SIS),https://pmte.id,,,,"MV switchgear provider; contact via site",pmte.id,2026-06-27
PT Semesta Eltrindo Pura (PTSEP),Indonesia,Indonesia,ICP-C,Primary/secondary distribution switchgear,https://ptsep.id,,,,"Switchgear manufacturer; contact via site",ptsep.id,2026-06-27
