model,name,category,brand,voltage_class,rated_frequency,rated_voltage,rated_insulation_voltage,power_frequency_withstand_voltage,rated_impulse_withstand_voltage,rated_current,short_time_withstand_current,short_circuit_breaking_current,short_circuit_making_current,protection_degree,standard,dimension,capacity,scheme_options,raw_parameters,extra_notes
KYN61A-40.5,AC armored removable metal enclosed switchgear,Switchgear / RMU,Zhebao,,AC 50Hz / 60Hz,40.5kV,,95kV,185kV,1250A 1600A 2000A,25kA 31.5kA,25kA 31.5kA,63kA 80kA,"IP40, door open 2x",IEC62271-200,2450H *1200/ 1400W *2800D (mm),,,"Model: KYN61A-40.5 | Name: AC armored removable metal enclosed switchgear | Rated frequency: AC 50Hz / 60Hz | Rated voltage (Ue): 40.5kV | Power frequency withstand voltage (1min): 95kV | Rated impulse withstand voltage (Ump): 185kV | Rated current: 1250A 1600A 2000A | Short time withstand current Icw (4s): 25kA 31.5kA | Short circuit drop-out current: 25kA 31.5kA | Short circuit making curnt: 63kA 80kA | Protection Degree: IP40, door open 2x | Standard: IEC62271-200 | Dimension: 2450H *1200/ 1400W *2800D (mm)",
"KYN28A-24, ZBS-24",AC armored removable metal enclosed switchgear,Switchgear / RMU,Zhebao,,AC 50Hz / 60Hz,24kV,,65/79kV,125/145kV,630A 1250A 1600A 2000A 2500A 3150A 4000A,25kA 31.5kA 40kA,25kA 31.5kA 40kA,,"IP40, door open IP2x",IEC62271-200,2380H *800/1000/1100W *1900/2250D (mm),,,"Model: KYN28A-24, ZBS-24 | Name: AC armored removable metal enclosed switchgear | Rated frequency: AC 50Hz / 60Hz | Rated voltage (Ue): 24kV | Power frequency withstand voltage (1min): 65/79kV | Rated impulse withstand voltage (Uimp): 125/145kV | Rated current (Ir): 630A 1250A 1600A 2000A 2500A 3150A 4000A | Short time withstand current (Icw) (4s): 25kA 31.5kA 40kA | Short circuit drop-out current: 25kA 31.5kA 40kA | Protect Degree: IP40, door open IP2x | Standard: IEC62271-200 | Dimension: 2380H *800/1000/1100W *1900/2250D (mm)",
"KYN28A-12, GZS1-12",AC armored removable metal enclosed switchgear,Switchgear / RMU,Zhebao,,AC 50Hz / 60Hz,12kV,,42/48kV,75/85kV,630A 1250A 1600A 2000A 2500A 3150A 4000A,25kA 31.5kA 40kA,25kA 31.5kA 40kA,,"IP40, door open IP2x",IEC62271-200,2260H *650/800/1000W *1450/1610D (mm),,,"Model: KYN28A-12, GZS1-12 | Name: AC armored removable metal enclosed switchgear | Rated frequency: AC 50Hz / 60Hz | Rated voltage (Ue): 12kV | Power frequency withstand voltage (1min): 42/48kV | Rated impulse withstand voltage (Uimp): 75/85kV | Rated current (Ir): 630A 1250A 1600A 2000A 2500A 3150A 4000A | Short time withstand current (Icw) (4s): 25kA 31.5kA 40kA | Short circuit drop-out current: 25kA 31.5kA 40kA | Protect Degree: IP40, door open IP2x | Standard: IEC62271-200 | Dimension: 2260H *650/800/1000W *1450/1610D (mm)",
KYN28A-12(F-C),AC armored removable metal enclosed switchgear,Switchgear / RMU,Zhebao,,AC 50Hz / 60Hz,12kV,,42kV,75kV,630A 1250A 1600A 2000A 2500A 3150A,25kA 31.5kA 40kA,25kA 31.5kA 40kA,,"IP40, door open IP2x",IEC62271-200,2240H *650W *1500D (mm),,,"Model: KYN28A-12(F-C) | Name: AC armored removable metal enclosed switchgear | Rated frequency: AC 50Hz / 60Hz | Rated voltage (Ue): 12kV | Power frequency withstand voltage (1min): 42kV | Rated impulse withstand voltage (Uimp): 75kV | Rated current (Ir): 630A 1250A 1600A 2000A 2500A 3150A | Short time withstand current (Icw) (4s): 25kA 31.5kA 40kA | Short circuit drop-out current: 25kA 31.5kA 40kA | Protect Degree: IP40, door open IP2x | Standard: IEC62271-200 | Dimension: 2240H *650W *1500D (mm)",
HXGN17-12,AC metal clad Ring Main Unit switchgear,Switchgear / RMU,Zhebao,,AC 50Hz / 60Hz,12kV,,42/48kV,75/85kV,630A,20kA,25kA 31.5kA,,"IP40, door open IP2x",IEC62271-200,1950H *400/ 700W *900D (mm),,,"Model: HXGN17-12 | Name: AC metal clad Ring Main Unit switchgear | Rated frequency: AC 50Hz / 60Hz | Rated voltage (Ue): 12kV | Power frequency withstand voltage (1min): 42/48kV | Rated impulse withstand voltage (Uimp): 75/85kV | Rated current (Ir): 630A | Short time withstand current (Icw) (4s): 20kA | Short circuit drop-out current: 25kA 31.5kA | Protect Degree: IP40, door open IP2x | Standard: IEC62271-200 | Dimension: 1950H *400/ 700W *900D (mm)",
XGN15-12,AC metal enclosed RMU,Switchgear / RMU,Zhebao,,,12kV,,42kV,75kV,"630A (load switch panel), 125A (LS-Fuse combined)",20kA,"31.5kA (combined panel, CB panel)",,,,"for LS & Comb 1600H *375(500)W *960D (mm), for VCB Metering 750W",,"load switch panel, LBS - fuse combined apparatus, CB panel, metering, cable cabinet","Model: XGN15-12 | Name: AC metal enclosed RMU | Scheme options: load switch panel, LBS - fuse combined apparatus, CB panel, metering, cable cabinet | Rated voltage (Ue): 12kV | Power freq withstand volt(1min): 42kV | Rated impulse withstand voltage (Uimp): 75kV | Rated current (Ir): 630A (load switch panel), 125A (LS-Fuse combined) | Short time withstand current (Icw) (4s): 20kA | Short circuit drop-out current: 31.5kA (combined panel, CB panel) | Rated transfer current: 1700A (comb) | Dimension: for LS & Comb 1600H *375(500)W *960D (mm), for VCB Metering 750W",Rated transfer current: 1700A (comb)
ZBF-24A (XGN15-24),AC metal enclosed RMU,Switchgear / RMU,Zhebao,,,"24kV, 12kV(for plateau)",,,,630A,20kA,"20kA (combined panel, CB panel)",,,,"for LS & Comb 1800H *500W *1000D (mm), for VCB panel 750W",,"load switch panel ZBF-24/AR, load switch - fuse combined apparatus -24/AT, Vacuum CB panel -24/AV","Model: ZBF-24A (XGN15-24) | Name: AC metal enclosed RMU | Scheme options: load switch panel ZBF-24/AR, load switch - fuse combined apparatus -24/AT, Vacuum CB panel -24/AV | Rated voltage (Ue): 24kV, 12kV(for plateau) | Rated current (Ir): 630A | Short time withstand current (Icw) (4s): 20kA | Short circuit drop-out current: 20kA (combined panel, CB panel) | Rated transfer current: 1400A (comb) | Sulfur hexafluoride SF6 as insulation and arc interrupter | 3.0mm SS full sealed cabinet | Visible window on interlock | Dimension: for LS & Comb 1800H *500W *1000D (mm), for VCB panel 750W",Rated transfer current: 1400A (comb) | Sulfur hexafluoride SF6 as insulation and arc interrupter | 3.0mm SS full sealed cabinet | Visible window on interlock
ZBF-12 (24),AC gas insulated metal enclosed switchgear RMU (compact),Switchgear / RMU,Zhebao,,,12kV 24KV,,,,630A,20kA,,,"SF6 enclosure IP67, shell IP4x",IEC62271-200,1200H *325W *785D (mm) per unit,,,"Model: ZBF-12 (24) | Name: AC gas insulated metal enclosed switchgear RMU (compact) | Rated voltage (Ue): 12kV 24KV | Rated current (Ir): 630A | Short time withstand current (Icw) (4s): 20kA | Sulfur hexafluoride SF6 as insulation and arc interrupter | 3.0mm SS full sealed cabinet | Visible indicator on interlock | Compact design, for outdoor cable branch box or sub section post (SSP) | Protect Degree: SF6 enclosure IP67, shell IP4x | Standard: IEC62271-200 | Dimension: 1200H *325W *785D (mm) per unit","Sulfur hexafluoride SF6 as insulation and arc interrupter | 3.0mm SS full sealed cabinet | Visible indicator on interlock | Compact design, for outdoor cable branch box or sub section post (SSP)"
ZBF-12 (24) /DPS,AC gas insulated metal enclosed switchgear RMU (duplicate power supply switching),Switchgear / RMU,Zhebao,,,12kV 24KV,,,,630A,20kA,,,"SF6 enclosure IP67, shell IP4x",IEC62271-200,"manual, power-driven 1600H *650W *785D (mm) manual, power-driven, auto 2000H *650W *785D",,,"Model: ZBF-12 (24) /DPS | Name: AC gas insulated metal enclosed switchgear RMU (duplicate power supply switching) | Rated voltage (Ue): 12kV 24KV | Rated current (Ir): 630A | Short time withstand current (Icw) (4s): 20kA | Sulfur hexafluoride SF6 as insulation and arc interrupter | 3.0mm SS full sealed cabinet | Visible window on interlock | Single hole operation three position load switch (Close1 - Open - Close2) | Protect Degree: SF6 enclosure IP67, shell IP4x | Standard: IEC62271-200 | Dimension: manual, power-driven 1600H *650W *785D (mm) manual, power-driven, auto 2000H *650W *785D",Sulfur hexafluoride SF6 as insulation and arc interrupter | 3.0mm SS full sealed cabinet | Visible window on interlock | Single hole operation three position load switch (Close1 - Open - Close2)
ZES-12,"AC Environmental GIS metal enclosed switchgear, RMU",Switchgear / RMU,Zhebao,,,12kV,,42/48kV,,250A / 630A,"main circuit 20kA/2s, 25kA/4s",20kA/ 25kA (VCB panel),,"IP67, shell IP4x",,1700H *375W *780D (mm),,"VCB panel, Vacuum load break switch panel","Model: ZES-12 | Name: AC Environmental GIS metal enclosed switchgear, RMU | Scheme options: VCB panel, Vacuum load break switch panel | Rated voltage (Ue): 12kV | Rated power freq withstand voltage (1min): 42/48kV | Rated current (Ir): 250A / 630A | Short time withstand current (Icw): main circuit 20kA/2s, 25kA/4s | Short circuit drop-out current: 20kA/ 25kA (VCB panel) | Rated transfer current: 2200A (for T) | Protect Degree: IP67, shell IP4x | Annual leakage: 0.1% | Dimension: 1700H *375W *780D (mm)",Rated transfer current: 2200A (for T) | Annual leakage: 0.1%
ZSS-12,"AC solid insulated metal enclosed switchgear, RMU",Switchgear / RMU,Zhebao,,,12kV,,,,"630A (load switch panel, VCB panel), 1250A (LS-Fuse combined panel)",20kA,"31.5kA (combined panel), 20kA (VCB panel)",,"IP40, door open IP2x",IEC62271-200,1200H *420W *860D (mm),,"vacuum load switch panel ZSS-12(F), load switch - fuse combined ZSS-12(FR), Vacuum CB panel ZSS-12(Z)","Model: ZSS-12 | Name: AC solid insulated metal enclosed switchgear, RMU | Scheme options: vacuum load switch panel ZSS-12(F), load switch - fuse combined ZSS-12(FR), Vacuum CB panel ZSS-12(Z) | Rated voltage (Ue): 12kV | Rated current (Ir): 630A (load switch panel, VCB panel), 1250A (LS-Fuse combined panel) | Short time withstand current (Icw) (4s): 20kA | Short circuit drop-out current: 31.5kA (combined panel), 20kA (VCB panel) | Rated take over current: 3150A (LS-fuse combined panel) | Protect Degree: IP40, door open IP2x | Standard: IEC62271-200 | Dimension: 1200H *420W *860D (mm)",Rated take over current: 3150A (LS-fuse combined panel)
HGBZ-12,HV parallel Capacitor Reactive Power Compensation Device,Power Quality / DC Supply,Zhebao,,50Hz,3.6kV~ 12kV,,,,,,,,IP30/ IP41,IEC62271-200,"control cabinet 2200H *800W *600D (mm), battery cabinet 2200H *800W *600D",2*8000 kvar,,"Model: HGBZ-12 | Name: HV parallel Capacitor Reactive Power Compensation Device | Rated frequency: 50Hz | Rated voltage: 3.6kV~ 12kV | Rated capacity: 2*8000 kvar | Hi-freq rectifying modulazation structure | Microcomputer auto monitoring system | Remote control, measuring, signalling and adjustment | Protect Degree: IP30/ IP41 | Standard: IEC62271-200 | Dimension: control cabinet 2200H *800W *600D (mm), battery cabinet 2200H *800W *600D","Hi-freq rectifying modulazation structure | Microcomputer auto monitoring system | Remote control, measuring, signalling and adjustment"
HZDW,Intelligent Hi-frequency DC power cabinet,Power Quality / DC Supply,Zhebao,,50Hz,AC 220V / AC380V,,,,,,,,IP30/ IP41,IEC61439-1:2011,"control cabinet 2200H *800W *600D (mm), battery cabinet 2200H *800W *600D",,,"Model: HZDW | Name: Intelligent Hi-frequency DC power cabinet | Rated frequency: 50Hz | Rated input voltage: AC 220V / AC380V | Rated output voltage: DC 220V / DC110V | Rated battery capacity: 20Ah 38Ah 50Ah 65Ah 100Ah 150Ah 200Ah 300Ah | High frequency rectifying modulazation structure | Microcomputer automatic monitoring system | Remote control, measuring, signalling and adjustment | Protect Degree: IP30/ IP41 | Standard: IEC61439-1:2011 | Dimension: control cabinet 2200H *800W *600D (mm), battery cabinet 2200H *800W *600D","Rated output voltage: DC 220V / DC110V | Rated battery capacity: 20Ah 38Ah 50Ah 65Ah 100Ah 150Ah 200Ah 300Ah | High frequency rectifying modulazation structure | Microcomputer automatic monitoring system | Remote control, measuring, signalling and adjustment"
GCD (HYDS),AC low voltage fixed partition switchgear,Switchgear / RMU,Zhebao,Low Voltage (<=1kV),AC 50Hz / 60Hz,400V/ 690V,1000V,,,4000A,,,,IP20~ IP54,IEC61439-1:2011,2200H *600/ 800/ 900/ / 1200/ 1500W *600/ 800/ 1000D (mm),,,Model: GCD (HYDS) | Name: AC low voltage fixed partition switchgear | Rated frequency: AC 50Hz / 60Hz | Rated voltage (Ue): 400V/ 690V | Rated insulation voltage(Ui): 1000V | Horizontal Busbar Rated current (Ir): 4000A | Vertical Bus Rated current (Ir): 4000A | Horizontal Busbar Short time withstand current (Icw) (4s): 30kA 50kA 85kA | Vertical Bus Short time withstand current (Icw) (4s): 30kA 50kA 85kA | Functional units: fixed partition type | Protect Degree: IP20~ IP54 | Standard: IEC61439-1:2011 | Dimension: 2200H *600/ 800/ 900/ / 1200/ 1500W *600/ 800/ 1000D (mm),Vertical Bus Rated current (Ir): 4000A | Horizontal Busbar Short time withstand current (Icw) (4s): 30kA 50kA 85kA | Vertical Bus Short time withstand current (Icw) (4s): 30kA 50kA 85kA | Functional units: fixed partition type
MNS (MNX),AC low voltage drawable switchgear,Switchgear / RMU,Zhebao,Low Voltage (<=1kV),AC 50Hz / 60Hz,400V/ 690V,1000V,,,2940A,,,,IP20~ IP54,IEC61439-1:2011,2200H *400-1200W *600-1000D (mm),,,Model: MNS (MNX) | Name: AC low voltage drawable switchgear | Rated frequency: AC 50Hz / 60Hz | Rated voltage (Ue): 400V/ 690V | Rated insulation voltage(Ui): 1000V | Horizontal Busbar Rated current (Ir): 2940A | Vertical Bus Rated current (Ir): 1000A | Horizontal Busbar Short time withstand current (Icw) (1s): 100kA | Vertical Bus Short time withstand current (Icw) (4s): 90kA 130kA | Functional units: module type | Protect Degree: IP20~ IP54 | Standard: IEC61439-1:2011 | Dimension: 2200H *400-1200W *600-1000D (mm),Vertical Bus Rated current (Ir): 1000A | Horizontal Busbar Short time withstand current (Icw) (1s): 100kA | Vertical Bus Short time withstand current (Icw) (4s): 90kA 130kA | Functional units: module type
GCS,AC low voltage withdrawable switchgear,Switchgear / RMU,Zhebao,Low Voltage (<=1kV),AC 50Hz / 60Hz,400V/ 690V,1000V,,,6300A or lower,,,,IP20~ IP54,IEC61439-1:2011,2200H *400/ 600/ 800/ 1000W * 600/ 800/ 1000D (mm),,,Model: GCS | Name: AC low voltage withdrawable switchgear | Rated frequency: AC 50Hz / 60Hz | Rated voltage (Ue): 400V/ 690V | Rated insulation voltage(Ui): 1000V | Horizontal Busbar Rated current (Ir): 6300A or lower | Vertical Bus Rated current (Ir): 1500A | Horizontal Busbar Short time withstand current (Icw) (1s): 30kA 50kA 100kA | Vertical Bus Short time withstand current (Icw) (4s): 30kA 50kA 85kA | Functional units: drawable type | Protect Degree: IP20~ IP54 | Standard: IEC61439-1:2011 | Dimension: 2200H *400/ 600/ 800/ 1000W * 600/ 800/ 1000D (mm),Vertical Bus Rated current (Ir): 1500A | Horizontal Busbar Short time withstand current (Icw) (1s): 30kA 50kA 100kA | Vertical Bus Short time withstand current (Icw) (4s): 30kA 50kA 85kA | Functional units: drawable type
GCK,AC low voltage withdrawable switchgear,Switchgear / RMU,Zhebao,Low Voltage (<=1kV),AC 50Hz / 60Hz,400V/ 690V,1000V,,,1250-6300A,,,,IP20~ IP40,IEC61439-1:2011,2200H *600/ 800/ 1000/ 1200W * 800/ 1000D (mm),,,"Model: GCK | Name: AC low voltage withdrawable switchgear | Rated frequency: AC 50Hz / 60Hz | Rated voltage (Ue): 400V/ 690V | Rated insulation voltage(Ui): 1000V | Horizontal Busbar Rated current (Ir): 1250-6300A | Vertical Bus Rated current (Ir): 1200A | Horizontal Busbar Short time withstand current (Icw) (1s): 30kA 50, 80, 100kA | Vertical Bus Short time withstand current (Icw) (1s): 30kA 50kA 80kA | Functional units: drawable type | Protect Degree: IP20~ IP40 | Standard: IEC61439-1:2011 | Dimension: 2200H *600/ 800/ 1000/ 1200W * 800/ 1000D (mm)","Vertical Bus Rated current (Ir): 1200A | Horizontal Busbar Short time withstand current (Icw) (1s): 30kA 50, 80, 100kA | Vertical Bus Short time withstand current (Icw) (1s): 30kA 50kA 80kA | Functional units: drawable type"
HDB,HDB low voltage reactive power compensation device,Power Quality / DC Supply,Zhebao,Low Voltage (<=1kV),,,,,,,,,,,,,,,Model: HDB | Name: HDB low voltage reactive power compensation device,
XGN80-40.5 (compact GIS),AC gas insulated metal enclosed switchgear RMU (GIS),Switchgear / RMU,Zhebao,,,40.5kV 33KV,,,,1250A 2000A,31.5kA,,,"SF6 enclosure IP67, shell IP4x",IEC62271-200,2300H *600/800W *1500/1760D (mm) per panel unit,,,"Model: XGN80-40.5 (compact GIS) | Name: AC gas insulated metal enclosed switchgear RMU (GIS) | Rated voltage (Ue): 40.5kV 33KV | Rated current (Ir): 1250A 2000A | Short time withstand current (Icw) (3s): 31.5kA | Sulfur hexafluoride SF6 as insulation and arc interrupter | SS full sealed cabinet; Primary active parts all in protective gas cubicle | Visible indicator on interlock | Compact design, for outdoor cable branch box or sub section post (SSP) | Protect Degree: SF6 enclosure IP67, shell IP4x | Standard: IEC62271-200 | Dimension: 2300H *600/800W *1500/1760D (mm) per panel unit","Sulfur hexafluoride SF6 as insulation and arc interrupter | SS full sealed cabinet; Primary active parts all in protective gas cubicle | Visible indicator on interlock | Compact design, for outdoor cable branch box or sub section post (SSP)"
XGN17-40.5,AC Box type metal enclosed switchgear,Switchgear / RMU,Zhebao,,,,,,,,,,,,,,,,Model: XGN17-40.5 | Name: AC Box type metal enclosed switchgear,
XGN66-12,AC MV vacuum circuit breaker switchgear,Circuit Breaker,Zhebao,,,,,,,,,,,,,,,,Model: XGN66-12 | Name: AC MV vacuum circuit breaker switchgear,
KYN44-12kV,AC metal enclosed central positioned switchgear,Switchgear / RMU,Zhebao,Medium Voltage (3.6-24kV),,,,,,,,,,,,,,,Model: KYN44-12kV | Name: AC metal enclosed central positioned switchgear,
GGD,AC low voltage power distribution switchgear,Switchgear / RMU,Zhebao,Low Voltage (<=1kV),,,,,,,,,,,,,,,Model: GGD | Name: AC low voltage power distribution switchgear,
FCC,Frequency conversion control device specialized for nuclear power,Other,Zhebao,,,,,,,,,,,,,,,,Model: FCC | Name: Frequency conversion control device specialized for nuclear power,
Siemens NXAirS LP,AC medium voltage metal enclosed switchgear,Switchgear / RMU,Siemens,,,12kV,,42/48kV,75/85kV,4000A,40kA,40kA,100kA,"IP40, door open IP2x",IEC62271-200,≦2500A 2200H *800W *1350D (mm) ≧3150A 2300*1000*1450,,,"Model: Siemens NXAirS LP | Name: AC medium voltage metal enclosed switchgear | Rated voltage (Ue): 12kV | Power frequency withstand voltage (1min): 42/48kV | Rated impulse withstand voltage (Uimp): 75/85kV | Rated busbar current (Ir): 4000A | Short time withstand current (Icw) (4s): 40kA | Short circuit drop-out current: 40kA | Short circuit making current (4s): 100kA | Peak withstand current: 100kA | Protect Degree: IP40, door open IP2x | Standard: IEC62271-200 | Dimension: ≦2500A 2200H *800W *1350D (mm) ≧3150A 2300*1000*1450",Peak withstand current: 100kA
Siemens 8BK81-12,AC medium voltage metal enclosed withdrawable switchgear,Switchgear / RMU,Siemens,,,12kV,,"42/48kV for VCB, 32/42kV for F-C","75/85kV for VCB, 60/75 for F-C",4000A,"63kA/3s for VCB, 4kA/4s for F-C",50kA,100kA,"IP4X, door open IP2x",IEC62271-200,"(VCB) 2200H *800 / 1000W *1800D (mm) ,(F-C) 2200H*500 / 650W*1800D",,,"Model: Siemens 8BK81-12 | Name: AC medium voltage metal enclosed withdrawable switchgear | Rated voltage (Ue): 12kV | Power frequency withstand voltage (1min): 42/48kV for VCB, 32/42kV for F-C | Rated impulse withstand voltage (Uimp): 75/85kV for VCB, 60/75 for F-C | Rated busbar current (Ir): 4000A | Short time withstand current (Icw): 63kA/3s for VCB, 4kA/4s for F-C | Short circuit drop-out c (F-C): 50kA | Short circuit making current (F-C): 100kA | Peak withstand current: 160kA/ 10kA | Protect Degree: IP4X, door open IP2x | Standard: IEC62271-200 | Dimension: (VCB) 2200H *800 / 1000W *1800D (mm) ,(F-C) 2200H*500 / 650W*1800D",Peak withstand current: 160kA/ 10kA
SIEMENS SIMOSEC,AC MV metal enclosed switchgear,Switchgear / RMU,Siemens,,,"12kV, 24kV",,"42kV, 65kV","75kV, 125kV","630A (load switch panel), 125A (LS-Fuse combined)","25kA(1s), 20kA(3s)","31.5kA (combined panel, CB panel)",,,,"for LS and Comb 1700H *375(500)W *1000D (mm), for VCB & metering 1700H *750W *1000D",,"load switch panel, LBS-fuse combined apparatus, CB panel, metering, cable cabinet","Model: SIEMENS SIMOSEC | Name: AC MV metal enclosed switchgear | Scheme options: load switch panel, LBS-fuse combined apparatus, CB panel, metering, cable cabinet | Rated voltage (Ue): 12kV, 24kV | Power frequency withstand voltage (1min): 42kV, 65kV | Rated impulse withstand voltage (Uimp): 75kV, 125kV | Rated current (Ir): 630A (load switch panel), 125A (LS-Fuse combined) | Short time withstand current (Icw): 25kA(1s), 20kA(3s) | Short circuit drop-out current: 31.5kA (combined panel, CB panel) | Rated transfer current: 1150A (comb) | Dimension: for LS and Comb 1700H *375(500)W *1000D (mm), for VCB & metering 1700H *750W *1000D",Rated transfer current: 1150A (comb)
SIEMENS Sivacon 8PT,AC low voltage switchgear,Switchgear / RMU,Siemens,Low Voltage (<=1kV),AC 50Hz / 60Hz,400V/ 690V,1000V,,,7000A,,,,IP30/31/40/41/42/54,IEC 61439-1 & 2,2200/ 2300/ 2600H *400/ 600/ 800/ 1200W *600/ 800/ 1000/ 1200D (mm),,,"Model: SIEMENS Sivacon 8PT | Name: AC low voltage switchgear | Rated frequency: AC 50Hz / 60Hz | Rated voltage (Ue): 400V/ 690V | Rated insulation voltage(Ui): 1000V | Horizontal Busbar Rated current (Ir): 7000A | Vertical Bus Rated current (Ir): 2000A | Horizontal Busbar Short time withstand current (Icw): 150kA(1s), 120kA(3s) | Vertical Bus Short time withstand current (Icw): 65kA(1s), 50kA(3s) | Functional units: withdrawble type/ (fixed partition type) | Protect Degree: IP30/31/40/41/42/54 | Standard: IEC 61439-1 & 2 | Dimension: 2200/ 2300/ 2600H *400/ 600/ 800/ 1200W *600/ 800/ 1000/ 1200D (mm)","Vertical Bus Rated current (Ir): 2000A | Horizontal Busbar Short time withstand current (Icw): 150kA(1s), 120kA(3s) | Vertical Bus Short time withstand current (Icw): 65kA(1s), 50kA(3s) | Functional units: withdrawble type/ (fixed partition type)"
SIEMENS Sikus,AC low voltage fixed partition type switchgear,Switchgear / RMU,Siemens,Low Voltage (<=1kV),AC 50Hz / 60Hz,400V,690V,,,6400A,,,,IP30/ IP41,IEC 61439-1 & 2,2200/ 2300H *700/ 1000W *600/ 800/ 1000D (mm),,,Model: SIEMENS Sikus | Name: AC low voltage fixed partition type switchgear | Rated frequency: AC 50Hz / 60Hz | Rated voltage (Ue): 400V | Rated insulation voltage(Ui): 690V | Horizontal Busbar Rated current (Ir): 6400A | Vertical Bus Rated current (Ir): 3200A | Horizontal Busbar Short time withstand current (Icw): 100kA(1s) | Vertical Bus Short time withstand current (Icw): 100kA(1s) | Functional units: fixed partition type | Protect Degree: IP30/ IP41 | Standard: IEC 61439-1 & 2 | Dimension: 2200/ 2300H *700/ 1000W *600/ 800/ 1000D (mm),Vertical Bus Rated current (Ir): 3200A | Horizontal Busbar Short time withstand current (Icw): 100kA(1s) | Vertical Bus Short time withstand current (Icw): 100kA(1s) | Functional units: fixed partition type
ABB UniSwitch,AC interval metal enclosed switchgear,Switchgear / RMU,Abb,,,12kV,,42kV,75kV,"630A (load switch panel), 125A (LS-Fuse combined)",25kA,"31.5kA (combined panel, CB panel)",,,,"for LS and Comb 1635(1885)H *375(500)W *1000D (mm), for VCB 1885H *650W *1000D",,"load switch panel, load switch - fuse combined, CB panel, metering, cable cabinet","Model: ABB UniSwitch | Name: AC interval metal enclosed switchgear | Scheme options: load switch panel, load switch - fuse combined, CB panel, metering, cable cabinet | Rated voltage (Ue): 12kV | Power freq withstand volt(1min): 42kV | Rated impulse withstand voltage (Uimp): 75kV | Rated current (Ir): 630A (load switch panel), 125A (LS-Fuse combined) | Short time withstand current (Icw) (4s): 25kA | Short circuit drop-out current: 31.5kA (combined panel, CB panel) | Rated transfer current: 1700A (comb) | Dimension: for LS and Comb 1635(1885)H *375(500)W *1000D (mm), for VCB 1885H *650W *1000D",Rated transfer current: 1700A (comb)
ABB MNS2.0,AC low voltage withdrawable switchgear,Switchgear / RMU,Abb,Low Voltage (<=1kV),AC 50Hz / 60Hz,400V,690V,,,6300A,,,,IP30~ IP54,IEC 61439-1 & 2,2200H *400/ 600/ 800/ 1000/ 1200W *800/ 1000/ 1200D (mm),,,Model: ABB MNS2.0 | Name: AC low voltage withdrawable switchgear | Rated frequency: AC 50Hz / 60Hz | Rated voltage (Ue): 400V | Rated insulation voltage(Ui): 690V | Horizontal Busbar Rated current (Ir): 6300A | Vertical Bus Rated current (Ir): 2000A | Horizontal Busbar Short time withstand current (Icw) (4s): 100kA | Vertical Bus Short time withstand current (Icw) (4s): 80kA | Functional units: withdrawable | Protect Degree: IP30~ IP54 | Standard: IEC 61439-1 & 2 | Dimension: 2200H *400/ 600/ 800/ 1000/ 1200W *800/ 1000/ 1200D (mm),Vertical Bus Rated current (Ir): 2000A | Horizontal Busbar Short time withstand current (Icw) (4s): 100kA | Vertical Bus Short time withstand current (Icw) (4s): 80kA | Functional units: withdrawable
ABB MNS-E/S,AC low voltage power distribution box,Distribution Box,Abb,Low Voltage (<=1kV),AC 50Hz / 60Hz,380V,400V,,,250A,6kA(1s),,,IP30,IEC 61439-1 & 2,1000/ 950 (differ 50mm)...600/ 550H *900/ 850 (differ 50mm)...500/ 450W *300/ 275 (differ 25mm)... 200/ 175D (mm),,,"Model: ABB MNS-E/S | Name: AC low voltage power distribution box | Rated frequency: AC 50Hz / 60Hz | Rated voltage (Ue): 380V | Rated insulation voltage(Ui): 400V | Rated current (Ir): 250A | Short time withstand c (Icw): 6kA(1s) | Standardized design, compact structure and versatility | Opening angle of the cabinet is 180 degrees | Eelectrical mounting plate can be detachable separately | Protect Degree: IP30 | Standard: IEC 61439-1 & 2 | Dimension: 1000/ 950 (differ 50mm)...600/ 550H *900/ 850 (differ 50mm)...500/ 450W *300/ 275 (differ 25mm)... 200/ 175D (mm)","Standardized design, compact structure and versatility | Opening angle of the cabinet is 180 degrees | Eelectrical mounting plate can be detachable separately"
Schneider Blokset,AC low voltage switchgear,Switchgear / RMU,Schneider,Low Voltage (<=1kV),AC 50Hz / 60Hz,400V/ 690V,1000V,,,7000A,,,,IP20~ IP54,IEC 61439-1 & 2,2200H *500/ 600/ 700/ 800/ 900/ 1000/ 1100/ 1200/ 1300W *400/ 600/ 1000D (mm),,,Model: Schneider Blokset | Name: AC low voltage switchgear | Rated frequency: AC 50Hz / 60Hz | Rated voltage (Ue): 400V/ 690V | Rated insulation voltage(Ui): 1000V | Horizontal Busbar Rated c (Ir): 7000A | Vertical Bus Rated current (Ir): 3200A | Horizontal Busbar Short time withstand c (Icw) (4s): 30kA 50kA 85kA 100kA | Vertical Bus Short time withstand current (Icw) (4s): 30kA 50kA 85kA | Functional units: withdrawble/ fixed | Protect Degree: IP20~ IP54 | Internal arcing protect IEC61641: 85kA 0.4s | Standard: IEC 61439-1 & 2 | Dimension: 2200H *500/ 600/ 700/ 800/ 900/ 1000/ 1100/ 1200/ 1300W *400/ 600/ 1000D (mm),Vertical Bus Rated current (Ir): 3200A | Horizontal Busbar Short time withstand c (Icw) (4s): 30kA 50kA 85kA 100kA | Vertical Bus Short time withstand current (Icw) (4s): 30kA 50kA 85kA | Functional units: withdrawble/ fixed | Internal arcing protect IEC61641: 85kA 0.4s
SCHNEIDER Prisma iPM WM,AC low voltage power distribution box,Distribution Box,Schneider,Low Voltage (<=1kV),AC 50Hz / 60Hz,380V,400V,,,250A,6kA(1s),,,IP30,IEC 61439-1 & 2,1300/ 1100/ 900/ 700/ 500/ 300H *600W *235D (mm),,,"Model: SCHNEIDER Prisma iPM WM | Name: AC low voltage power distribution box | Rated frequency: AC 50Hz / 60Hz | Rated voltage (Ue): 380V | Rated insulation voltage(Ui): 400V | Rated current (Ir): 250A | Short time withstand current (Icw): 6kA(1s) | Standardized design, compact structure and versatility | Modular design | Protect Degree: IP30 | Standard: IEC 61439-1 & 2 | Dimension: 1300/ 1100/ 900/ 700/ 500/ 300H *600W *235D (mm)","Standardized design, compact structure and versatility | Modular design"
YBM27-40.5/12kV,intelligent prefabricated transformer substation,Distribution Transformer,Zhebao,Medium Voltage (3.6-24kV),,,,,,,,,,,,,,,Model: YBM27-40.5/12kV | Name: intelligent prefabricated transformer substation,
YBM27-12/0.4kV,transformer substation with wooden decor enclosure,Distribution Transformer,Zhebao,,,,,,,,,,,,,,,,Model: YBM27-12/0.4kV | Name: transformer substation with wooden decor enclosure,
DFW-12kV,outdoor cable distribution branch box,Other,Zhebao,Medium Voltage (3.6-24kV),,,,,,,,,,,,,,,Model: DFW-12kV | Name: outdoor cable distribution branch box,
XGW-12kV,outdoor RMU sub section post,Switchgear / RMU,Zhebao,Medium Voltage (3.6-24kV),,,,,,,,,,,,,,,Model: XGW-12kV | Name: outdoor RMU sub section post,
ZBK6,safety extinguishing control box,Other,Zhebao,,,,,,,,,,,,,,,,Model: ZBK6 | Name: safety extinguishing control box,
ZBL,motive electricity cabinet,Other,Zhebao,,,,,,,,,,,,,,,,Model: ZBL | Name: motive electricity cabinet,
ZBX1,ZBX1 general terminal distribution box,Distribution Box,Zhebao,,,,,,,,,,,,,,,,Model: ZBX1 | Name: ZBX1 general terminal distribution box,
ZBX4,ZBX4 high protection terminal box,Distribution Box,Zhebao,,,,,,,,,,,,,,,,Model: ZBX4 | Name: ZBX4 high protection terminal box,
ZBX5,ZBX5 ribs type distribution box,Distribution Box,Zhebao,,,,,,,,,,,,,,,,Model: ZBX5 | Name: ZBX5 ribs type distribution box,
ZBX6,ZBX6 power switch box,Other,Zhebao,,,,,,,,,,,,,,,,Model: ZBX6 | Name: ZBX6 power switch box,
ZBX7,ZBX7 outlet socket box,Distribution Box,Zhebao,,,,,,,,,,,,,,,,Model: ZBX7 | Name: ZBX7 outlet socket box,
ZBX9,ZBX9 dual power switching box,Other,Zhebao,,,,,,,,,,,,,,,,Model: ZBX9 | Name: ZBX9 dual power switching box,
ZBX11,ZBX11 rain proof distribution box,Distribution Box,Zhebao,,,,,,,,,,,,,,,,Model: ZBX11 | Name: ZBX11 rain proof distribution box,
ZBF(R)N-12D,Indoor HV SF6 load switch,SF6 Load Break Switch,Zhebao,,,12kV,,42/48kV,75/85kV,,,,expected 31.5kA for fuse comb,,,,,,Model: ZBF(R)N-12D | Name: Indoor HV SF6 load switch | Rated voltage Ur: 12kV | Rated power frequency withstand voltage Ud (1min) : 42/48kV | Rated impulse withstand voltage: 75/85kV | Rated short circuit making current  Ima: expected 31.5kA for fuse comb | Life time load switch / disconnecting switch: 5000times | Life time earthing switch: 2000times | Leakage percentage per year: ≦0.5%,Life time load switch / disconnecting switch: 5000times | Life time earthing switch: 2000times | Leakage percentage per year: ≦0.5%
ZBF(R)N-24D,Indoor HV SF6 LBS-Fuse Combination,SF6 Load Break Switch,Zhebao,,,24kV,,65/79kV,125/145kV,,,,50kA,,,,,,Model: ZBF(R)N-24D | Name: Indoor HV SF6 LBS-Fuse Combination | Rated voltage Ur: 24kV | Rated power frequency withstand voltage Ud (1min) : 65/79kV | Rated impulse withstand voltage: 125/145kV | Rated short circuit making current  Ima: 50kA | Life time load switch / disconnecting switch: 5000/2000times | Life time earthing switch: 2000times | Leakage percentage per year: ≦0.1%,Life time load switch / disconnecting switch: 5000/2000times | Life time earthing switch: 2000times | Leakage percentage per year: ≦0.1%
ZBFV-24D,Indoor HV SF6 VCB Earthing Combination,Circuit Breaker,Zhebao,,,24kV,,65/79kV,125/145kV,,,20kA,50kA,,,,,,Model: ZBFV-24D | Name: Indoor HV SF6 VCB Earthing Combination | Rated voltage Ur: 24kV | Rated power frequency withstand voltage Ud (1min) : 65/79kV | Rated impulse withstand voltage: 125/145kV | Rated short circuit making current  Ima: 50kA | Rated short circuit drop out current  Isc: 20kA | Life time load switch / disconnecting switch: 2000times | Life time earthing switch: 2000times | Life time VCB: 10000times | Leakage percentage per year: ≦0.1%,Life time load switch / disconnecting switch: 2000times | Life time earthing switch: 2000times | Life time VCB: 10000times | Leakage percentage per year: ≦0.1%
ZBF12~24kV Central Assy,SF6 Co-cubicle Central Assembly for compact gas insulated cabinet,SF6 Load Break Switch,Zhebao,Medium Voltage (3.6-24kV),,,,,,,,,,,,,,,Model: ZBF12~24kV Central Assy | Name: SF6 Co-cubicle Central Assembly for compact gas insulated cabinet,
ZBK-12,AC High Voltage Fast Vacuum Circuit Breaker (FVCB),Circuit Breaker,Zhebao,,,12kV,,42kV,75kV,630A 1250A 1600A,25kA 31.5kA,25kA 31.5kA,,,"IEC62271-100, IEC60694",,,,"Model: ZBK-12 | Name: AC High Voltage Fast Vacuum Circuit Breaker (FVCB) | Rated voltage (Ue): 12kV | Power frequency withstand voltage (1min): 42kV | Rated impulse withstand voltage (Uimp): 75kV | Rated current (Ir): 630A 1250A 1600A | Short time withstand current (Icw) (4s): 25kA 31.5kA | Short circuit drop-out c: 25kA 31.5kA | Phase spacing: 150/ 210/ 275mm | Install mode: trolley, fixed | Embedded pole column | Permanent magnetic operating mechanism 30k times | Closing time ≦10ms, open ≦3ms | Applicable for flexible power supply | Standard: IEC62271-100, IEC60694","Phase spacing: 150/ 210/ 275mm | Install mode: trolley, fixed | Embedded pole column | Permanent magnetic operating mechanism 30k times | Closing time ≦10ms, open ≦3ms | Applicable for flexible power supply"
,VCB for KYN28-12 MV Switchgear,Circuit Breaker,Zhebao,,,,,,,,,,,,,,,,Name: VCB for KYN28-12 MV Switchgear,
ZBP-40.5,AC High Voltage Embedded Pole Vacuum Circuit Breaker (VCB),Circuit Breaker,Zhebao,,AC 50Hz / 60Hz,40.5kV,,95kV,185kV,630A 1250A 1600A 2000A 2500A,25kA 31.5kA,25kA 31.5kA,,,"IEC62271-100, IEC60694",,,,"Model: ZBP-40.5 | Name: AC High Voltage Embedded Pole Vacuum Circuit Breaker (VCB) | Rated frequency: AC 50Hz / 60Hz | Rated voltage (Ue): 40.5kV | Power frequency withstand voltage (1min): 95kV | Rated impulse withstand voltage (Uimp): 185kV | Rated current (Ir): 630A 1250A 1600A 2000A 2500A | Short time withstand current (Icw) (4s): 25kA 31.5kA | Short circuit drop-out current: 25kA 31.5kA | Phase spacing: 275/ 280/ 300mm | Install mode: trolley, fixed | Embedded pole column | Spring operating mechanism 20k time | Standard: IEC62271-100, IEC60694","Phase spacing: 275/ 280/ 300mm | Install mode: trolley, fixed | Embedded pole column | Spring operating mechanism 20k time"
ZN85A-40.5,AC High Voltage Vacuum Circuit Breaker (VCB),Circuit Breaker,Zhebao,,AC 50Hz / 60Hz,40.5kV,,95kV,185kV,630A 1250A 1600A 2000A 2500A,25kA 31.5kA,25kA 31.5kA,,,"IEC62271-100, IEC60694",,,,"Model: ZN85A-40.5 | Name: AC High Voltage Vacuum Circuit Breaker (VCB) | Rated frequency: AC 50Hz / 60Hz | Rated voltage (Ue): 40.5kV | Power frequency withstand voltage (1min): 95kV | Rated impulse withstand voltage (Uimp): 185kV | Rated current (Ir): 630A 1250A 1600A 2000A 2500A | Short time withstand current (Icw) (4s): 25kA 31.5kA | Short circuit drop-out current: 25kA 31.5kA | Phase spacing: 280/ 300mm | Install mode: trolley, fixed | Common insulating tube structure | Spring operating mechanism 10k time | Standard: IEC62271-100, IEC60694","Phase spacing: 280/ 300mm | Install mode: trolley, fixed | Common insulating tube structure | Spring operating mechanism 10k time"
ZBP-24,AC High Voltage Vacuum Circuit Breaker (VCB),Circuit Breaker,Zhebao,,AC 50Hz / 60Hz,24kV,,65kV,125kV,630A 1250A 1600A 2000A 2500A,20kA 25kA 31.5kA,20kA 25kA 31.5kA,,,"IEC62271-100, IEC60694",,,,"Model: ZBP-24 | Name: AC High Voltage Vacuum Circuit Breaker (VCB) | Rated frequency: AC 50Hz / 60Hz | Rated voltage (Ue): 24kV | Power frequency withstand voltage (1min): 65kV | Rated impulse withstand voltage (Uimp): 125kV | Rated current (Ir): 630A 1250A 1600A 2000A 2500A | Short time withstand current (Icw) (4s): 20kA 25kA 31.5kA | Short circuit drop-out current: 20kA 25kA 31.5kA | Phase spacing: 210/ 275mm | Install mode: trolley, fixed | Embedded pole column | Spring operating mechanism 30k time | Standard: IEC62271-100, IEC60694","Phase spacing: 210/ 275mm | Install mode: trolley, fixed | Embedded pole column | Spring operating mechanism 30k time"
ZBP-12,AC High Voltage Vacuum Circuit Breaker (VCB),Circuit Breaker,Zhebao,,AC 50Hz / 60Hz,12kV,,42kV,75kV,630A 1250A 1600A 2000A 2500A 3150A 4000A,25kA 31.5kA 40kA,25kA 31.5kA 40kA,,,"IEC62271-100, IEC60694",,,,"Model: ZBP-12 | Name: AC High Voltage Vacuum Circuit Breaker (VCB) | Rated frequency: AC 50Hz / 60Hz | Rated voltage (Ue): 12kV | Power frequency withstand voltage (1min): 42kV | Rated impulse withstand voltage (Uimp): 75kV | Rated current (Ir): 630A 1250A 1600A 2000A 2500A 3150A 4000A | Short time withstand current (Icw) (4s): 25kA 31.5kA 40kA | Short circuit drop-out current: 25kA 31.5kA 40kA | Phase spacing: 150/ 210/ 275mm | Install mode: trolley, fixed | Embedded pole column | Spring operating mechanism 30k time | Standard: IEC62271-100, IEC60694","Phase spacing: 150/ 210/ 275mm | Install mode: trolley, fixed | Embedded pole column | Spring operating mechanism 30k time"
"ZN63A-12 (VS1), (24kV avl)",AC High Voltage Vacuum Circuit Breaker (VCB),Circuit Breaker,Zhebao,Medium Voltage (3.6-24kV),AC 50Hz / 60Hz,12kV,,42kV,75kV,630A 1250A 1600A 2000A 2500A 3150A 4000A,25kA 31.5kA 40kA,25kA 31.5kA 40kA,,,"IEC62271-100, IEC60694",,,,"Model: ZN63A-12 (VS1), (24kV avl) | Name: AC High Voltage Vacuum Circuit Breaker (VCB) | Rated frequency: AC 50Hz / 60Hz | Rated voltage (Ue): 12kV | Power frequency withstand voltage (1min): 42kV | Rated impulse withstand voltage (Uimp): 75kV | Rated current (Ir): 630A 1250A 1600A 2000A 2500A 3150A 4000A | Short time withstand current (Icw) (4s): 25kA 31.5kA 40kA | Short circuit drop-out current: 25kA 31.5kA 40kA | Phase spacing: 150/ 210/ 275mm | Install mode: trolley, fixed | Common insulating tube structure | Spring operating mechanism 10k time | Standard: IEC62271-100, IEC60694","Phase spacing: 150/ 210/ 275mm | Install mode: trolley, fixed | Common insulating tube structure | Spring operating mechanism 10k time"
LZZW-35kV,"Outdoor Current Transformer, (CT)",Outdoor Primary Equipment,Zhebao,Medium Voltage (3.6-24kV),,,,,,,,,,,,,,,"Model:  LZZW-35kV | Name: Outdoor Current Transformer, (CT) | Rated insulation: 40.5/95/185kV | Rated Secondary current: 5A",Rated insulation: 40.5/95/185kV | Rated Secondary current: 5A
JDZX-35kV,"Outdoor Voltage Transformer, Power Transformer (VT, PT)",Outdoor Primary Equipment,Zhebao,Medium Voltage (3.6-24kV),,,,,,,,,,,,,,,"Model: JDZX-35kV | Name: Outdoor Voltage Transformer, Power Transformer (VT, PT) | Rated insulation: 40.5/95/200kV | Voltage Ratio: 33000/√3/110/√3/110√3,  35000/√3/100/√3/100/3","Rated insulation: 40.5/95/200kV | Voltage Ratio: 33000/√3/110/√3/110√3,  35000/√3/100/√3/100/3"
JLSZY-35kV,Outdoor CT VT combined instrument transformers (w/ metering),Outdoor Primary Equipment,Zhebao,Medium Voltage (3.6-24kV),,,,,,,,,,,,,,,Model: JLSZY-35kV | Name: Outdoor CT VT combined instrument transformers (w/ metering) | Current Ratio: 400-800-1200/5A | Voltage Ratio: 33kV/3，110V/3,Current Ratio: 400-800-1200/5A | Voltage Ratio: 33kV/3，110V/3
ZW7-40.5kV,Outdoor High Voltage Vacuum Circuit Breaker (HV VCB),Circuit Breaker,Zhebao,High Voltage (40.5kV),,,,,,"630A, up to 1600A",,20kA/25kA/31.5kA,,,,,,,"Model: ZW7-40.5kV | Name: Outdoor High Voltage Vacuum Circuit Breaker (HV VCB) | Rated current: 630A, up to 1600A | Short circuit breaking current: 20kA/25kA/31.5kA",
GW4-40.5kV,Outdoor High Voltage Disconnect Switch with Earth Switch,Outdoor Primary Equipment,Zhebao,High Voltage (40.5kV),,,,,,"630A, up to 1600A",,20kA/25kA/31.5kA,,,,,,,"Model: GW4-40.5kV | Name: Outdoor High Voltage Disconnect Switch with Earth Switch | Rated current: 630A, up to 1600A | Short circuit breaking current: 20kA/25kA/31.5kA",
YH10WZ-45,Outdoor Gapless Metal Oxide Surge Arrestor (SA),Outdoor Primary Equipment,Zhebao,,AC 50Hz / 60Hz,,,,,,,,,,,,,,Model: YH10WZ-45 | Name: Outdoor Gapless Metal Oxide Surge Arrestor (SA) | Rated frequency: AC 50Hz / 60Hz | Square wave capacity: 600A,Square wave capacity: 600A
PK-10,Feeder Protection and Control Panel with Metering,Other,Zhebao,,,,,,,,,,,,,,,,"Model: PK-10 | Name: Feeder Protection and Control Panel with Metering | Auxiliary supply: 110V DC, | Cubicle lighting/heating rated: 230V AC","Auxiliary supply: 110V DC, | Cubicle lighting/heating rated: 230V AC"
SCB10,Indoor Dry Type Cast Resin DISTRIBUTION TRANSFORMER (TR),Distribution Transformer,Zhebao,,,,,,,,,,,,,,30--3150KVA,,Model: SCB10 | Name: Indoor Dry Type Cast Resin DISTRIBUTION TRANSFORMER (TR) | Capacity: 30--3150KVA,
V-CD,Intelligent PhotoVoltaic Lightning Protection DC Combiner Box (Solar Energy PV Combiner),Other,Zhebao,,,,,,,10A,,,,,,,,,Model: V-CD | Name: Intelligent PhotoVoltaic Lightning Protection DC Combiner Box (Solar Energy PV Combiner) | Max Input Voltage: DC1000V | Circuit Current: 10A,Max Input Voltage: DC1000V
"ZBW1, ZBW2",ZBW1 Intelligent LV Air Circuit Breaker (ACB),Circuit Breaker,Zhebao,Low Voltage (<=1kV),,,,,,,,,,,,,,,"Model: ZBW1, ZBW2 | Name: ZBW1 Intelligent LV Air Circuit Breaker (ACB) | ZBW2 Intelligent LV Air Circuit Breaker",ZBW2 Intelligent LV Air Circuit Breaker
"ZBM1, ZBM3",ZBM1 MCCB (molded case circuit breaker),Circuit Breaker,Zhebao,,,,,,,,,,,,,,,,"Model: ZBM1, ZBM3 | Name: ZBM1 MCCB (molded case circuit breaker) | ZBM1L, ZBM3L Residual MCCB","ZBM1L, ZBM3L Residual MCCB"
"ZBM1E, ZBM3E",ZBM1E electronic MCCB,Circuit Breaker,Zhebao,,,,,,,,,,,,,,,,"Model: ZBM1E, ZBM3E | Name: ZBM1E electronic MCCB",
ZBQ,ZBQ Dual-power automatic switch,Other,Zhebao,,,,,,,,,,,,,,,,Model: ZBQ | Name: ZBQ Dual-power automatic switch,
ZBG,ZBG isolator switch,Other,Zhebao,,,,,,,,,,,,,,,,Model: ZBG | Name: ZBG isolator switch,
ZBG1,ZBG1-100 miniture isolator switch,Other,Zhebao,,,,,,,,,,,,,,,,Model: ZBG1 | Name: ZBG1-100 miniture isolator switch,
ZBB1,ZBB1 MCB,Other,Zhebao,,,,,,,,,,,,,,,,Model: ZBB1 | Name: ZBB1 MCB,
ZBB2,ZBB2x RCCB (Residual Current actuated Circuit Breaker),Circuit Breaker,Zhebao,,,,,,,,,,,,,,,,Model: ZBB2 | Name: ZBB2x RCCB (Residual Current actuated Circuit Breaker),
"ZBU1, ZBU2",ZBU surge protector,Other,Zhebao,,,,,,,,,,,,,,,,"Model: ZBU1, ZBU2 | Name: ZBU surge protector",
